name,season,number,airdate,runtime,rating,summary,image_url
The One Where Monica Gets a Roommate,1,1,9/22/1994,30,{'average': 8.4},Monica's old friend Rachel moves in with her after leaving her fiancé.,https://image.tmdb.org/t/p/original/fbtaoynlPpENx3Ss2laC7wgqLIP.jpg
The One With the Sonogram at the End,1,2,9/29/1994,30,{'average': 8.3},Rachel returns her engagement ring; Ross's ex-wife has a revelation for him.,https://image.tmdb.org/t/p/original/q00vWBNdLBIprqA3zQJ3TpfXNhu.jpg
The One With the Thumb,1,3,10/6/1994,30,{'average': 8.6},Monica's friends find her new beau appealing; Phoebe finds a little something extra in her soda.,https://image.tmdb.org/t/p/original/zLZb1o6dTpUmTNdODdbqH8dJpjc.jpg
The One With George Stephanopoulos,1,4,10/13/1994,30,{'average': 8.3},Chandler and Joey take Ross to a hockey game -- with painful results; the ladies get someone else's pizza.,https://image.tmdb.org/t/p/original/ewcHihTEPLvPPW7o0SDc0ZTs66o.jpg
The One With the East German Laundry Detergent,1,5,10/20/1994,30,{'average': 8.8},Ross does laundry with Rachel; Joey uses Monica to get his old girlfriend back.,https://image.tmdb.org/t/p/original/1JLPosNtPdj83jOwwPCBRhuJu3m.jpg
The One With the Butt,1,6,10/27/1994,30,{'average': 8.5},Joey's new agent gets him a cheeky role in a movie; Chandler dates a woman with lots of baggage.,https://image.tmdb.org/t/p/original/raXlzz3GBvm3uEzcDtu0IAqm96S.jpg
The One With the Blackout,1,7,11/3/1994,30,{'average': 8.8},A blackout traps Chandler in an ATM vestibule with model Jill Goodacre; a cat comes between Ross and Rachel.,https://image.tmdb.org/t/p/original/4s280bCobeuCw4d4djtFUpVKNHz.jpg
The One Where Nana Dies Twice,1,8,11/10/1994,30,{'average': 8.6},Monica and Ross mourn the loss of their grandmother.,https://image.tmdb.org/t/p/original/mlctpU7B2e9XnKrp5LHFf8WrOZp.jpg
The One Where Underdog Gets Away,1,9,11/17/1994,30,{'average': 8.8},Monica tries to cook Thanksgiving dinner for the gang; Ross relishes the chance to talk to his unborn child.,https://image.tmdb.org/t/p/original/wiS3bKGiH3jglke48Tb3Jkk8Rfe.jpg
The One With the Monkey,1,10,12/15/1994,30,{'average': 8.7},A new pet monkeys around with Ross's ego during the holidays; Phoebe falls for a scientist .,https://image.tmdb.org/t/p/original/uk0yh6xFTwwQcHGlbhJ5X5gKT33.jpg
The One With Mrs. Bing,1,11,1/5/1995,30,{'average': 8.7},Chandler's novelist mother visits -- and hits on Ross; Phoebe and Monica fall for the same guy.,https://image.tmdb.org/t/p/original/pCStDEs8Ga900w8dz8Forg4PCjL.jpg
The One With the Dozen Lasagnas,1,12,1/12/1995,30,{'average': 8.7},Phoebe has some bad news for Rachel about Paolo; Ross learns some of the results of his former wife's amniocentesis.,https://image.tmdb.org/t/p/original/y4NsVEIvJadmc5d3KAXvrom26qu.jpg
The One With the Boobies,1,13,1/19/1995,30,{'average': 9},Chandler sees Rachel naked; Joey learns his father is having an affair; Phoebe dates a psychiatrist.,https://image.tmdb.org/t/p/original/xdHWHWNBctJbTRMKFDJe2se7Pdd.jpg
The One With the Candy Hearts,1,14,2/9/1995,30,{'average': 8.7},"Chandler has a blind date with an ex-girlfriend -- whom he's broken up with twice before; the ladies light a ""boyfriend bonfire""; Ross finds an unlikely Valentine's Day date.",https://image.tmdb.org/t/p/original/k4ZTQpB51rH0cxH2k8w602ndLw.jpg
The One With the Stoned Guy,1,15,2/16/1995,30,{'average': 8.7},"Chandler and Monica plan big career moves, while Ross labors to hit it off with a date.",https://image.tmdb.org/t/p/original/9BaRbjqBUhs59cRQxVbK8Z7E6aV.jpg
"The One With Two Parts, Part 1",1,16,2/23/1995,30,{'average': 9.1},Ross attends Lamaze classes; Joey dates Phoebe's twin; and Chandler has the hots for a co-worker he's supposed to fire.,https://image.tmdb.org/t/p/original/aNTEPjwbPBKfJO4ANNULCm2odSh.jpg
"The One With Two Parts, Part 2",1,17,2/23/1995,30,{'average': 8.9},Monica and Rachel meet two cute doctors; Ross looks to Jack for fatherly advice; Phoebe confronts her twin about Joey.,https://image.tmdb.org/t/p/original/sxm7L3rGvDLVqvsTYjtTxMnF6AK.jpg
The One With All the Poker,1,18,3/2/1995,30,{'average': 9.2},"The guys let the ladies in on a sacred ritual -- their poker game. Meanwhile, Rachel has an interview with Saks.",https://image.tmdb.org/t/p/original/1DI0uapLj8BAFsOPCzrBSGWSree.jpg
The One Where the Monkey Gets Away,1,19,3/9/1995,30,{'average': 9},Ross entrusts Rachel with his pet monkey for a day; Barry has a surprise for Rachel.,https://image.tmdb.org/t/p/original/rIMnr0VbnW4vBfik4SkOB5piRUH.jpg
The One With the Evil Orthodontist,1,20,4/6/1995,30,{'average': 8.7},Chandler's not a very smooth operator when it comes to calling a woman he went out with; Rachel gets involved with her ex-fiancé.,https://image.tmdb.org/t/p/original/vSKytvZZf7ix9Igk12XM8LNN2gY.jpg
The One With the Fake Monica,1,21,4/27/1995,30,{'average': 8.4},Monica meets the woman who used her credit-card number; Ross realizes it's time to find a new home for Marcel.,https://image.tmdb.org/t/p/original/P5VdD2h4oogjjvIyP7kgYB2YLB.jpg
The One With the Ick Factor,1,22,5/4/1995,30,{'average': 8.8},Phoebe gets temporary work as Chandler's secretary; Monica's new boyfriend is younger than she thinks.,https://image.tmdb.org/t/p/original/wdNKFtPbhWUFWvNxgWZT83H0rA5.jpg
The One With the Birth,1,23,5/11/1995,30,{'average': 8.9},Ross quarrels with Susan in the delivery room as Carol prepares to give birth; Joey befriends a mother-to-be.,https://image.tmdb.org/t/p/original/vw6110Vh0j0QtmGqB6BnmbOmMda.jpg
The One Where Rachel Finds Out,1,24,5/18/1995,30,{'average': 9},Rachel finally realizes how much Ross likes her -- but not before he leaves for China on museum business.,https://image.tmdb.org/t/p/original/9mKWvYLOAh3mgEB9aVBeVeHw9s.jpg
The One With Ross's New Girlfriend,2,1,9/21/1995,30,{'average': 9},Rachel meets Ross's female travel companion; Joey unwittingly recommends a seamy tailor to Chandler; and Phoebe cuts Monica's hair.,https://image.tmdb.org/t/p/original/grt1km00cjrwAckfgO3QGiHYq89.jpg
The One With the Breast Milk,2,2,9/28/1995,30,{'average': 8.6},Monica goes shopping with Julie behind Rachel's back; Ross isn't exactly gaga over breast milk.,https://image.tmdb.org/t/p/original/dyBB19jEpwj6gzGA1IcXxj9kq1e.jpg
The One Where Heckles Dies,2,3,10/5/1995,30,{'average': 8.9},The gang disturbs Mr. Heckles for the last time; Phoebe takes issue with Ross on the subject of evolution.,https://image.tmdb.org/t/p/original/ny7ArJi6VmHyrHmyOmToGpjUbzD.jpg
The One With Phoebe's Husband,2,4,10/12/1995,30,{'average': 8.7},Phoebe's secret husband shows up; Rachel tries to distract Ross from having sex with Julie.,https://image.tmdb.org/t/p/original/jtYyA2OO0Xj6GPq7DGCVCOKvspt.jpg
The One With Five Steaks and an Eggplant,2,5,10/19/1995,30,{'average': 8.9},Chandler receives a sexy phone call meant for someone else; the gang becomes divided along income lines.,https://image.tmdb.org/t/p/original/8fCf2sdGC5nxfULSTE8VYFMXuJR.jpg
The One With the Baby on the Bus,2,6,11/2/1995,30,{'average': 9.1},"An allergic reaction sends Ross to the hospital, leaving Chandler and Joey to look after Ben; Central Perk hires another singer to replace Phoebe.",https://image.tmdb.org/t/p/original/4RxxAAbQgt8wgOXDWXcKVUVqXr5.jpg
The One Where Ross Finds Out,2,7,11/9/1995,30,{'average': 9.2},Rachel goes on a date in an effort to forget about Ross; Monica presses Chandler to complete an exercise program.,https://image.tmdb.org/t/p/original/1oGAR9wigUiz00YiCdTFniTevMx.jpg
The One With the List,2,8,11/16/1995,30,{'average': 8.9},"Ross is torn between Rachel and Julie, so Chandler prompts him to list each woman's pros and cons; Monica concocts recipes for a new product.",https://image.tmdb.org/t/p/original/ng1mU6n9Yb9JWwNH2bIlzIUdZhx.jpg
The One With Phoebe's Dad,2,9,12/14/1995,30,{'average': 8.7},Phoebe confronts her grandmother about the father she never knew; things heat up at Monica's holiday party.,https://image.tmdb.org/t/p/original/HiNO3Gyp69e59Pax6a0g2Vhr1S.jpg
The One With Russ,2,10,1/4/1996,30,{'average': 8.4},Rachel dates a guy who's similar to Ross; Joey can get a part if he sleeps with the casting director; Fun Bobby is no fun without alcohol.,https://image.tmdb.org/t/p/original/zDoRfPdUWKdhl3MSiMckp1wtzWC.jpg
The One With the Lesbian Wedding,2,11,1/18/1996,30,{'average': 8.6},"Rachel's mother considers ending her marriage; Carol decides to marry her lover, Susan; Phoebe believes she's possessed.",https://image.tmdb.org/t/p/original/sHhsoHmPSG0hVopaKsnM9pu7zD6.jpg
"The One After the Superbowl, Part 1",2,12,1/28/1996,30,{'average': 9},Ross searches for Marcel; Joey is attracted to an obsessed fan; Phoebe sings songs for kids.,https://image.tmdb.org/t/p/original/lPPHEnQDdTEFWzG0fLEFp7AAAU1.jpg
"The One After the Superbowl, Part 2",2,13,1/28/1996,30,{'average': 9.1},"Ross learns Marcel is working on a movie, and the film's makeup artist seems to want Chandler; Monica and Rachel fight over Jean-Claude Van Damme, who appears as himself.",https://image.tmdb.org/t/p/original/aAOWF2fMQiDrdzb6IpAOiTmnJaC.jpg
The One With the Prom Video,2,14,2/1/1996,30,{'average': 9.5},"Monica brings some things home from her parents' house, including a prom video; Rachel tells Ross that she doesn't think it will work out between them.",https://image.tmdb.org/t/p/original/yaj00vryGCmBzpkrEDHgT6Pj5z5.jpg
The One Where Ross and Rachel... You Know,2,15,2/8/1996,30,{'average': 9.2},Ross's work hinders the evolution of his and Rachel's romance; Monica has eyes for an older opthalmologist; Joey and Chandler enjoy a big-screen TV.,https://image.tmdb.org/t/p/original/vEnD6mvkwRgapYZr8tZBSoEAHcn.jpg
The One Where Joey Moves Out,2,16,2/15/1996,30,{'average': 8.7},Richard's relationship with a younger woman causes a stir at a party for Ross and Monica's dad; Joey decides to move out; Rachel gets a tattoo.,https://image.tmdb.org/t/p/original/7OKGNoKDtFxQY3hNXOP6y3JRO53.jpg
The One Where Eddie Moves In,2,17,2/22/1996,30,{'average': 8.7},Chandler gets a new roommate; Monica doesn't like having Ross around all the time; Phoebe makes a music video.,https://image.tmdb.org/t/p/original/zjGdr3fu5LaoFGKMcXwvwEX3lNu.jpg
The One Where Dr. Ramoray Dies,2,18,3/21/1996,30,{'average': 8.7},"The days in the life of Joey's character, Dr. Ramoray, are numbered; Chandler's new roommate scares him.",https://image.tmdb.org/t/p/original/2CdJM0V4iUOYTrGbn7XZ0sfdmaG.jpg
The One Where Eddie Won't Go,2,19,3/28/1996,30,{'average': 8.7},Chandler wants Eddie to move out; Joey faces unemployment; a self-help book empowers the ladies.,https://image.tmdb.org/t/p/original/nPaqxogdoDIb81HJ488dsVbkpCw.jpg
The One Where Old Yeller Dies,2,20,4/4/1996,30,{'average': 8.7},"Rachel freaks when Ross talks about spending a lifetime together; Chandler and Joey befriend Richard; Phoebe is shocked by the ending of ""Old Yeller.""",https://image.tmdb.org/t/p/original/pfBhzSGoBFWnHr7HGo4OHUn48gI.jpg
The One With the Bullies,2,21,4/25/1996,30,{'average': 8.9},Bullies accost Ross and Chandler; Monica plays the stock market; and Phoebe attempts to meet her father again.,https://image.tmdb.org/t/p/original/cNgv7rAm7YkvooOGOpFSTlfS5wS.jpg
The One With the Two Parties,2,22,5/2/1996,30,{'average': 9.1},"When Rachel's divorcing parents both show up for her birthday, her friends hold two separate parties to keep them apart.",https://image.tmdb.org/t/p/original/aKmPfjA0QssEqOuiSMyJGEoEJdt.jpg
The One With the Chicken Pox,2,23,5/9/1996,30,{'average': 9.1},"A submariner surfaces to spend two weeks with Phoebe, who's come down with chicken pox; Joey plays the role of a data processor at Chandler's company.",https://image.tmdb.org/t/p/original/pVSXGWFFGGKs3iWDX8RZmtNJlDA.jpg
The One With Barry and Mindy's Wedding,2,24,5/16/1996,30,{'average': 9.1},Rachel's in her ex-fiancé's wedding; Chandler has a cyberspace romance; Monica and Richard think about their future.,https://image.tmdb.org/t/p/original/3o85MotMLDmbCPIiIwCfPYzDYgY.jpg
The One With the Princess Leia Fantasy,3,1,9/16/1996,30,{'average': 8.8},Janice tries to change Joey's opinion of her; Ross's sexual fantasy isn't kept between him and Rachel; Monica can't shake memories of Richard.,https://image.tmdb.org/t/p/original/ci28CPpvg6EEDPlCbMLtNUDJPcR.jpg
The One Where No One's Ready,3,2,9/26/1996,30,{'average': 9.1},Nobody seems to be getting the message when Ross demands that the group get ready for his black-tie benefit.,https://image.tmdb.org/t/p/original/bBmgNbrW0ozjaiKDKKfijwKWdRc.jpg
The One With the Jam,3,3,10/3/1996,30,{'average': 8.4},Monica turns her attention from making jam to maybe making a baby; Phoebe befriends a guy who's stalking her twin sister.,https://image.tmdb.org/t/p/original/fNgjqLtlhQBjNRFdX10edanoke1.jpg
The One With the Metaphorical Tunnel,3,4,10/10/1996,30,{'average': 8.4},Chandler decides to make a real commitment to Janice; Phoebe poses as Joey's agent; Ross is troubled by Ben's toy.,https://image.tmdb.org/t/p/original/jLnfUmRWirw55UJ9vUu9DBXhxKw.jpg
The One With Frank Jr.,3,5,10/17/1996,30,{'average': 8.5},"The gang compiles ""freebie lists""; Phoebe tries to get to know her half brother; Joey builds an entertainment center.",https://image.tmdb.org/t/p/original/xV4gS3ZbpbDDRy1iTAzD9pWone2.jpg
The One With the Flashback,3,6,10/31/1996,30,{'average': 9.4},The show flashes back to when the friends were acquaintances and pairing off was a possibility.,https://image.tmdb.org/t/p/original/vAVRp4FQO858ZurhMkjy2Ry8BbM.jpg
The One With the Race Car Bed,3,7,11/7/1996,30,{'average': 8.8},Monica orders a bed from the store owned by Janice's estranged husband; Joey teaches soap-opera acting; Ross struggles through a dinner with Rachel's abrasive father.,https://image.tmdb.org/t/p/original/gCUk2Mytau5IX7oEndRnwtzThOT.jpg
The One With the Giant Poking Device,3,8,11/14/1996,30,{'average': 8.8},Joey reveals to Chandler that he saw Janice kissing her estranged husband; Rachel and Monica baby-sit Ben; Phoebe explains her fear of the dentist.,https://image.tmdb.org/t/p/original/lu2f7cegzxOPSI3snkYj5CgdEGO.jpg
The One With the Football,3,9,11/21/1996,30,{'average': 9},Ross and Monica go nose-to-nose in an unfriendly Thanksgiving football game.,https://image.tmdb.org/t/p/original/mQpnuhi29rAZLp820hakowPpPaR.jpg
The One Where Rachel Quits,3,10,12/12/1996,30,{'average': 8.8},"Rachel quits Central Perk; Phoebe objects to the treatment of Christmas trees; Ross sells cookies for a ""Brown Bird"" scout he injured; Monica gets hooked on Mint Treasures.",https://image.tmdb.org/t/p/original/dVgaNrwBiYu0O1mpqvOLuEvvIf3.jpg
The One Where Chandler Can't Remember Which Sister,3,11,1/9/1997,30,{'average': 8.9},A drunken Chandler has a liaison with one of Joey's sisters; a nice guy recommends Rachel for a job.,https://image.tmdb.org/t/p/original/14vp2eC2vuJvvmxry86j6gugpNF.jpg
The One With All the Jealousy,3,12,1/16/1997,30,{'average': 8.8},Ross is jealous of Mark; a romantic poet criticizes Monica in verse; Joey's a dancing fool for a Broadway musical audition.,https://image.tmdb.org/t/p/original/yz9hYNhS92EFfii4apZoPaH3TxZ.jpg
The One Where Monica and Richard are Just Friends,3,13,1/30/1997,30,{'average': 8.8},Monica sees Richard again and they agree to be just pals -- and occasional lovers; Phoebe's new beau has an embarrassing habit.,https://image.tmdb.org/t/p/original/qIbd5XEEa5gK2oXRbIeYT9PrK2W.jpg
The One With Phoebe's Ex-Partner,3,14,2/6/1997,30,{'average': 8.6},Phoebe's ex-singing partner wants to reunite; Chandler likes a woman associated with a shameful incident from Joey's past; Ross wants to spend more time with Rachel.,https://image.tmdb.org/t/p/original/3Towvxh6qAtJycuJ7XW8GJQhB3N.jpg
The One Where Ross and Rachel Take a Break,3,15,2/13/1997,30,{'average': 8.9},Ross and Rachel decide to take a break in their relationship; Phoebe dates a diplomat who requires a translator.,https://image.tmdb.org/t/p/original/hQ7vb9GxKeHq8zhy3L15TWmcXlq.jpg
The One the Morning After,3,16,2/20/1997,30,{'average': 8.8},"Ross's fling with Chloe jeopardizes his future with Rachel, who learns of the misdeed after she says she wants to work things out.",https://image.tmdb.org/t/p/original/5rM97ao2TZZMHUrfsnP1XCOh1Jx.jpg
The One Without the Ski Trip,3,17,3/6/1997,30,{'average': 8.1},"Rachel organizes a ski trip for all the friends except Ross, who must then come to their rescue when they run out of gas.",https://image.tmdb.org/t/p/original/6xO5fIPn0xa9IAS30U3POy3ZG8c.jpg
The One With the Hypnosis Tape,3,18,3/13/1997,30,{'average': 9},Phoebe's upset by her brother's engagement to an older woman; Monica dates a computer-software mogul; Chandler tries to quit smoking.,https://image.tmdb.org/t/p/original/l01b0UomTW9WNWmDr87aOFoQW1T.jpg
The One With the Tiny T-Shirt,3,19,3/27/1997,30,{'average': 8.9},"Mark asks out Rachel, who returns Ross's things; Monica still isn't attracted to millionaire Pete; Joey's irked by his costar in a play.",https://image.tmdb.org/t/p/original/sxEjTxnAGl0kTaBJdH0WAF8DmpD.jpg
The One With the Dollhouse,3,20,4/10/1997,30,{'average': 8.3},"Chandler's insincere ""I'll call you"" to Rachel's boss causes complications; Monica inherits a dollhouse; Joey and Kate get romantic.",https://image.tmdb.org/t/p/original/qKaDNoe48je6AQIjNIM110c8SeY.jpg
The One With a Chick and a Duck,3,21,4/17/1997,30,{'average': 8.8},"Ross helps an injured Rachel prepare for a business dinner, but doesn't tell her he's missing a chance to appear on TV; Pete buys Monica a restaurant; Chandler and Joey adopt a baby chick.",https://image.tmdb.org/t/p/original/8yZycDRGAImK2Qpmm5PdG3gforx.jpg
The One With the Screamer,3,22,4/24/1997,30,{'average': 8.8},The gang goes to the opening night of Joey's play and Rachel brings a date to make Ross jealous; Phoebe waits on hold so she can have her phone repaired before the warranty expires.,https://image.tmdb.org/t/p/original/vHqib05ysQ05YcFTdFSNdyKHDA.jpg
The One With Ross's Thing,3,23,5/1/1997,30,{'average': 8.6},Ross has an unusual growth; Phoebe is torn between two men she's dating; Monica thinks Pete is going to propose.,https://image.tmdb.org/t/p/original/bgQi42yjC73KixG77IDuasPSdXl.jpg
The One With the Ultimate Fighting Champion,3,24,5/8/1997,30,{'average': 8.9},Pete pursues the Ultimate Fighting championship; Chandler has a slap-happy new boss; Ross dates Phoebe's friend.,https://image.tmdb.org/t/p/original/m2ryBGyo6AAfcGnpGrSNt35lgVF.jpg
The One at the Beach,3,25,5/15/1997,30,{'average': 9.1},Phoebe's quest to find her father leads the gang to a beach house -- and leads Phoebe to a fateful meeting with an old family friend; Rachel persuades Bonnie to make a change.,https://image.tmdb.org/t/p/original/1YwKZ32SvyhjdA3cBtoyn5oNXFL.jpg
The One With the Jellyfish,4,1,9/25/1997,30,{'average': 9.3},"At the beach house, Ross and Rachel appear on the threshold of a new era; Phoebe gets to know her birth mother; Monica is stung by a jellyfish.",https://image.tmdb.org/t/p/original/67tiGi36IUXlNAPlPJy98INk2DQ.jpg
The One With the Cat,4,2,10/2/1997,30,{'average': 8.5},Phoebe thinks her mother's spirit resides in a cat; Monica dates a former high-school hunk; Joey tries to sell the entertainment center.,https://image.tmdb.org/t/p/original/1zEnoQyjbystjf9nywj07dpMwza.jpg
The One With the 'Cuffs,4,3,10/9/1997,30,{'average': 9},Chandler's torrid fling with Rachel's boss puts him in a compromising position; Monica caters her mom's party.,https://image.tmdb.org/t/p/original/fqXZu4P3QTa27Ne2fzkZM5sdbpG.jpg
The One With the Ballroom Dancing,4,4,10/16/1997,30,{'average': 8.8},Joey' s roped into being the superintendent's practice dance partner; Phoebe gets fired.,https://image.tmdb.org/t/p/original/khxmKmjmsQVXxJW1P8VbCdeFMoA.jpg
The One With Joey's New Girlfriend,4,5,10/30/1997,30,{'average': 8.7},Chandler falls for Joey's new girlfriend; Phoebe likes the effect of a cold on her singing voice.,https://image.tmdb.org/t/p/original/3Hym8m1BzQct9GHljwzNgLPQoLy.jpg
The One With the Dirty Girl,4,6,11/6/1997,30,{'average': 8.9},Phoebe helps Monica cater a funeral; Chandler buys Kathy a special birthday gift; Ross's beautiful date has a very messy place.,https://image.tmdb.org/t/p/original/4yt3mMbJHwNxhFGMzXMWulzfE2T.jpg
The One Where Chandler Crosses the Line,4,7,11/13/1997,30,{'average': 8.7},Chandler keeps Kathy company while Joey's out with another girl---and one thing leads to another.,https://image.tmdb.org/t/p/original/9MhRmA4n6ZBDum4dBTF9xDBiuwx.jpg
The One With Chandler in a Box,4,8,11/20/1997,30,{'average': 9.1},"On Thanksgiving, Chandler begs for Joey's forgiveness about Kathy; Monica has eyes for Richard's son.",https://image.tmdb.org/t/p/original/hOz3zqyisPN5MkFi7KMFw2uYx4A.jpg
The One Where They're Going to Party!,4,9,12/11/1997,30,{'average': 8.6},Rachel is promised a promotion; a restaurateur confronts Monica after she writes a scathing review; Chandler and Ross prepare to party with a world-class carouser.,https://image.tmdb.org/t/p/original/A8zYaSOftPKM4q05IOQcqYdWrs7.jpg
The One With the Girl from Poughkeepsie,4,10,12/18/1997,30,{'average': 9.2},Monica hires Joey so she can fire him to show who's the boss at the restaurant; Ross goes extra miles to date a gal from Poughkeepsie; Chandler plays matchmaker for Rachel.,https://image.tmdb.org/t/p/original/bNLBOFFQN5r3GpFUKvPmWYWz6DM.jpg
The One With Phoebe's Uterus,4,11,1/8/1998,30,{'average': 9},"In lieu of a gift, newlyweds Frank Jr. and Alice ask Phoebe to be a surrogate mother for their child; Ross breaks an unwritten rule at the museum.",https://image.tmdb.org/t/p/original/nT2D93C06aLnO8VkxA6rnTSiuVm.jpg
The One With the Embryos,4,12,1/15/1998,30,{'average': 9.3},Phoebe undergoes in-vitro fertilization; Monica and Rachel go up against Joey and Chandler to determine which pair know the other better.,https://image.tmdb.org/t/p/original/nRXtaq1enijfiDwxzAPhJKkFtsu.jpg
The One With Rachel's Crush,4,13,1/29/1998,30,{'average': 9},Kathy's sexy role in a play irks Chandler; personal-shopper Rachel develops a crush on a client.,https://image.tmdb.org/t/p/original/vIMOQQjaxNqPdmw0ro3ilrRAC4d.jpg
The One With Joey's Dirty Day,4,14,2/5/1998,30,{'average': 9.1},Joey doesn't smell too good when he's about to appear in a Charlton Heston movie; Rachel asks Ross to entertain her boss's niece so she can be with Joshua; the girls join heartbroken Chandler at a strip joint.,https://image.tmdb.org/t/p/original/bNXV6xfkk1njmF3ftIHxJ3A1vkh.jpg
The One With All the Rugby,4,15,2/26/1998,30,{'average': 9.1},"Ross plays rugby to impress Emily; to escape Janice, Chandler claims he's being transferred; Monica obsesses over a useless switch.",https://image.tmdb.org/t/p/original/sTWf0xRUTztjHXElg65TiXKW4nS.jpg
The One With the Fake Party,4,16,3/19/1998,30,{'average': 9.2},Rachel throws an impromptu going-away party for Emily to lure Joshua into a social setting; pregnant vegetarian Phoebe craves meat.,https://image.tmdb.org/t/p/original/sjFybiEckDorc9beXc8cHxNeAHg.jpg
The One With the Free Porn,4,17,3/26/1998,30,{'average': 9.1},Ross pursues his romance with Emily; Phoebe learns she's having triplets; the boys get free adult TV.,https://image.tmdb.org/t/p/original/dlg9ZvKBF6JmxogJx1syGqvXB2D.jpg
The One With Rachel's New Dress,4,18,4/2/1998,30,{'average': 9},Rachel gears up for a night of romance with Joshua; Ross fears Emily is getting too chummy with Susan; Phoebe names one of the triplets.,https://image.tmdb.org/t/p/original/lX0Ui3DMEyljM5oDWWfInQaGtRP.jpg
The One With All the Haste,4,19,4/9/1998,30,{'average': 9.4},Ross proposes to Emily; Rachel and Monica demand their apartment back from the guys.,https://image.tmdb.org/t/p/original/qcJAFWAHCsjcrl4cxB9SLM5vek4.jpg
The One With All the Wedding Dresses,4,20,4/16/1998,30,{'average': 9.2},Monica tries on Emily's wedding dress; Ross's plans affect Rachel and Joshua; Chandler insists Joey get help for his snoring.,https://image.tmdb.org/t/p/original/5HoqXdCE3NItOrlgKzE5HsUHuSE.jpg
The One With the Invitation,4,21,4/23/1998,30,{'average': 7.8},"In a clip show, Rachel receives her invitation to Ross and Emily's wedding.",https://image.tmdb.org/t/p/original/xOlyFkFyMhhoeHbVxgKGRneplS9.jpg
The One With the Worst Best Man Ever,4,22,4/30/1998,30,{'average': 8.6},Best man Joey loses Ross's heirloom ring; pregnant Phoebe has mood swings.,https://image.tmdb.org/t/p/original/qBaqspVkyo2C7XlEAnGEylM7pG.jpg
The One With Ross's Wedding: Part I,4,23,5/7/1998,30,{'average': 9},"London's the location for Ross and Emily's wedding, but back at home, Rachel realizes that she still loves the groom-to-be.",https://image.tmdb.org/t/p/original/fvRlowH2KAAHaveAHXA6ZvyHPvD.jpg
The One With Ross's Wedding: Part II,4,24,5/7/1998,30,{'average': 9.3},"As Ross and Emily prepare to wed, Rachel makes a frantic attempt to reach London before the ceremony. Elsewhere, there is no love lost between Ross's and Emily's fathers.",
The One After Ross Says Rachel,5,1,9/24/1998,30,{'average': 9},"Ross and Rachel cope with the ramifications of Ross saying ""Rachel"" instead of ""Emily"" during his wedding vows; Monica and Chandler are still hot for each other.",https://image.tmdb.org/t/p/original/1jn9nGNo7avmHNqfk1qeVI9U7i6.jpg
The One With All the Kissing,5,2,10/1/1998,30,{'average': 9.3},Rachel wants to tell Ross that she still loves him; Chandler must kiss Rachel and Phoebe to cover up a kiss with Monica; Phoebe's water breaks.,https://image.tmdb.org/t/p/original/5LswaLN9QpjjBNFbtPrLQoHXSi0.jpg
The One Hundredth,5,3,10/8/1998,30,{'average': 9.1},Phoebe's pregnancy comes to fruition; Monica and Chandler have their first fight.,https://image.tmdb.org/t/p/original/f6ZuOAGSqls2mr012J0IK1D7m4u.jpg
The One Where Phoebe Hates PBS,5,4,10/15/1998,30,{'average': 8.7},Phoebe reveals her hatred of PBS; Emily tells Ross she'll see him again---if he stops seeing Rachel.,https://image.tmdb.org/t/p/original/8D2MBiGgf1mBPKZ31N3L9sVGNve.jpg
The One With the Kips,5,5,10/29/1998,30,{'average': 9},Monica and Chandler plan a weekend getaway; Ross has to tell Rachel that to save his marriage he can't see her anymore.,https://image.tmdb.org/t/p/original/5QOC8UgmezlCsk5vu7DGjtNG1Qd.jpg
The One With the Yeti,5,6,11/5/1998,30,{'average': 8.8},"Emily's demands regarding Rachel weigh on Ross; Rachel and Monica encounter a hairy, beastlike man; Phoebe receives a fur coat.",https://image.tmdb.org/t/p/original/t8frUbTNAaU585dwir1wRcylauR.jpg
The One Where Ross Moves In,5,7,11/12/1998,30,{'average': 8.6},"Ross moves in with the boys; Phoebe dates a health inspector; Rachel plays hard to get for Danny, who's oblivious.",https://image.tmdb.org/t/p/original/9hBS598Oi90z7A0CRISPbwJ9JPH.jpg
The One With All the Thanksgivings,5,8,11/19/1998,30,{'average': 9.2},"The gang reflects on bad Thanksgivings---and the biggest turkey belongs to Monica, who recalls her first encounter with Chandler.",https://image.tmdb.org/t/p/original/49W5shiaO1VYhHErOt2tJXCqfz0.jpg
The One With Ross's Sandwich,5,9,12/10/1998,30,{'average': 9.1},Ross loses it when someone eats his sandwich at work; keeping up appearances for Monica and Chandler makes Joey look bad; Phoebe and Rachel take a lit class.,https://image.tmdb.org/t/p/original/zcsl24ON4OM0O5Nsy6ZAdF9469c.jpg
The One With the Inappropriate Sister,5,10,12/17/1998,30,{'average': 8.6},Danny's close relationship with his sister (Julie Lauren) bothers Rachel; Ross urges Joey to write a script; Phoebe collects for holiday charity on a street corner.,https://image.tmdb.org/t/p/original/pUeg9m9Nplam46nlchyfGeE9ZWC.jpg
The One With All the Resolutions,5,11,1/7/1999,30,{'average': 9.3},Rachel's New Year's resolution not to gossip is tested when she discovers Monica and Chandler's romance.,https://image.tmdb.org/t/p/original/842QH0JXJixa6GKeL5AyVbbIhrI.jpg
The One With Chandler's Work Laugh,5,12,1/21/1999,30,{'average': 9},"Monica meets ""Work Chandler""; Ross gets together with Janice.",https://image.tmdb.org/t/p/original/6NlO0o3YwcrC22ODfSJJlMq37r5.jpg
The One With Joey's Bag,5,13,2/4/1999,30,{'average': 8.9},Phoebe meets Frank Sr. (Bob Balaban) at her grandma's funeral; Joey gets attached to a bag that's like a purse.,https://image.tmdb.org/t/p/original/wKV9NJAG9Dey4dMELVFwQWJGlCv.jpg
The One Where Everybody Finds Out,5,14,2/11/1999,30,{'average': 9.5},Phoebe finds out about Monica and Chandler's romance; Ross plans to rent Ugly Naked Guy's apartment.,https://image.tmdb.org/t/p/original/widPOemNRxvcAnV5QthXouKyTK.jpg
The One With the Girl Who Hits Joey,5,15,2/18/1999,30,{'average': 9.3},"Chandler freaks out over the subject of marriage to Monica; Joey's girlfriend throws playful, but painful, punches; Ross alienates his new neighbors.",https://image.tmdb.org/t/p/original/zrc6ZSrttUlXghs2DNgsFOgGGNo.jpg
The One With the Cop,5,16,2/23/1999,30,{'average': 9.1},Phoebe finds a police badge; Joey has a romantic dream about Monica; Rachel helps Ross move his new couch.,https://image.tmdb.org/t/p/original/qDSmE7EeiiWQkVPMTOi7XqtkLsk.jpg
The One With Rachel's Inadvertent Kiss,5,17,3/18/1999,30,{'average': 9.1},Rachel makes an awkward move during a job interview; Monica and Chandler compete with Phoebe and Gary to be the hotter couple.,https://image.tmdb.org/t/p/original/sPCW94qruOX0aRPuj5Uy8vlJKSJ.jpg
The One Where Rachel Smokes,5,18,4/8/1999,30,{'average': 8.8},"Rachel takes up smoking for work reasons; Joey angles into an audition involving Ross's son, Ben.",https://image.tmdb.org/t/p/original/zXPDYJa1yWBGLRTDOexq6VJMedL.jpg
The One Where Ross Can't Flirt,5,19,4/22/1999,30,{'average': 9},Ross's flirting with the pizza-delivery girl falls flat; Joey's scene in a TV crime drama is cut.,https://image.tmdb.org/t/p/original/nURp3j9Fax9yt2qvhRttzPygkJN.jpg
The One With the Ride Along,5,20,4/29/1999,30,{'average': 9},The boys ride along with Gary (Michael Rapaport); Monica and Rachel overhear bride-to-be Emily's urgent phone message to Ross.,https://image.tmdb.org/t/p/original/5xBJqfHQI3qUOC9XB5ePZzbYD4L.jpg
The One With the Ball,5,21,5/6/1999,30,{'average': 8.9},Gary (Michael Rapaport) asks Phoebe to live with him; a game of catch goes on for hours; Rachel buys an expensive cat.,https://image.tmdb.org/t/p/original/rgMzbHY39qF0uwPfH14jZNJDypw.jpg
The One With Joey's Big Break,5,22,5/13/1999,30,{'average': 8.9},Joey is cast in an independent film to be shot in the desert outside Las Vegas; Phoebe's angry with Ross.,https://image.tmdb.org/t/p/original/kAV4BBUpsnlPATryvLZyh9aiH1U.jpg
"The One in Vegas, Part 1",5,23,5/20/1999,30,{'average': 9.2},Chandler and Monica celebrate their first anniversary; the gang goes to Vegas to visit Joey; Chandler finds out about Monica's lunch with Richard.,https://image.tmdb.org/t/p/original/jB39sjCHdWGoyHOkFdbM9AN1fLK.jpg
"The One in Vegas, Part 2",5,24,5/20/1999,30,{'average': 9.2},"In Vegas, Monica and Chandler reconcile and literally roll the dice on whether to get married, while one couple actually do tie the knot.",
The One After Vegas,6,1,9/23/1999,30,{'average': 9.2},Ross and Rachel experience the world's worst hangover when they realize they've gotten married. Chandler and Monica back away from their own altar plans. Phoebe and Joey head back to New York in the taxi cab.,https://image.tmdb.org/t/p/original/2T3D3y98XDM2owdjxcj8PEiQFP8.jpg
The One Where Ross Hugs Rachel,6,2,9/30/1999,30,{'average': 9.1},"Monica and Chandler decide to move in together, leading Rachel to believe that all three of them will be roommates, and Monica doesn't want to tell her the truth. Meanwhile, Ross tries to keep Rachel from learning that their marriage hasn't been annulled.",https://image.tmdb.org/t/p/original/d5c8xKhUKsR4afHWc17POaCs444.jpg
The One With Ross's Denial,6,3,10/7/1999,30,{'average': 9},"Monica and Chandler disagree over how to redecorate Rachel's old room. Joey advertises for a ""non ugly"" roommate. Ross is unwilling to accept that he is still in love with Rachel.",https://image.tmdb.org/t/p/original/brF8eLr2ml3UaNMmBVZQ615iyBy.jpg
The One Where Joey Loses His Insurance,6,4,10/14/1999,30,{'average': 8.9},Rachel prepares to move in with Ross. Ross is asked to give a lecture at NYU. Phoebe's psychic tells her that she will die before the end of the week. Joey discovers his SAG health insurance has lapsed due to his lack of work.,https://image.tmdb.org/t/p/original/ohFKAbC5iZtGfzLh9JfylXfhwKr.jpg
The One With Joey's Porsche,6,5,10/21/1999,30,{'average': 9.2},The gang is mad at Ross. Joey tries to find the owner of a Porsche who left their keys in Central Perk. Monica and Chandler agree to baby-sit Frank and Alice's triplets for Phoebe. Rachel decides to move in with Phoebe.,https://image.tmdb.org/t/p/original/itDy7O5nij71D7Z1MZXJjlLB9w0.jpg
The One on the Last Night,6,6,11/4/1999,30,{'average': 9.2},"Chandler and Monica are moving in with each other, which means Rachel is moving in with Phoebe, and Joey will be without a roommate. Meanwhile, Ross doesn't want to help with the packing so he stays at home with Ben, or so they think. Joey doesn't know how to live by himself, so Chandler decides to ""lose"" money to him in various games.",https://image.tmdb.org/t/p/original/8nNQPYtxDjMmtlJie8LLtzYu5gU.jpg
The One Where Phoebe Runs,6,7,11/11/1999,30,{'average': 9},"Rachel and Phoebe decide to start running together, but Rachel is thrown off by the fact that Phoebe runs like a four-year-old. Joey finds a sexy new female roommate. Chandler decides to surprise Monica by cleaning the apartment, but forgets where everything goes. Ross tries to help him fix the apartment before Monica gets home.",https://image.tmdb.org/t/p/original/rGA8jD6BqXSAVoEGy5bmbZOHqQY.jpg
The One With Ross's Teeth,6,8,11/18/1999,30,{'average': 9},Ross bleaches his teeth for a date with Monica's coworker. The only problem is that they now glow in the dark. Chandler convinces Joey that Janine is trying to take over his apartment. Phoebe makes out with the copy guy at Rachel's office. Rachel spreads rumors about Phoebe but her boss thinks that Rachel slept with Ralph Lauren.,https://image.tmdb.org/t/p/original/937TB5b6bv9OJb4OPfXvVTtweOf.jpg
The One Where Ross Got High,6,9,11/25/1999,30,{'average': 9.5},"Monica's parents come for Thanksgiving, which is a problem because, not only do they not like Chandler, they don't know where he's living. Rachel makes a dessert--with beef. Phoebe develops a crush on Mr. Geller. Joey and Ross can't wait for dinner to end so they can go to Janine's ""Thanksgiving with models"".",https://image.tmdb.org/t/p/original/cu4c4rxWLPox2VAV2kWvT4MpYvO.jpg
The One With the Routine,6,10,12/16/1999,30,{'average': 9},"Joey is beginning to like Janine more. She gets an invitation to dance on Dick Clark's New Year's Rockin' Eve and invites Joey, Monica, and Ross to join her. Monica and Ross are a little TOO happy. While Monica is at the taping, Rachel, Phoebe, and Chandler search for their Christmas presents.",https://image.tmdb.org/t/p/original/hGOc4JFywXjpQclb0ZFNN1OgOVj.jpg
The One With the Apothecary Table,6,11,1/6/2000,30,{'average': 8.7},"Rachel orders an apothecary table from Pottery Barn, which is a problem because Phoebe hates the mass-producing company. After Janine and Joey double date with Chandler and Monica, Janine tells Joey that she thinks the other two are boring. Ross buys a new apothecary table too, which causes problems for Rachel.",https://image.tmdb.org/t/p/original/5W0BPGJbP5sjJWgjLlnQGkXWKYF.jpg
The One With the Joke,6,12,1/13/2000,30,{'average': 8.8},Chandler and Ross fight over ownership of a joke published in Playboy. A wayward remark of Phoebe's leads to trouble between the girls and a broke Joey starts working at Central Perk.,https://image.tmdb.org/t/p/original/zaDAyW9hOFhFjhcYBwvNqIpDCe.jpg
The One With Rachel's Sister,6,13,2/3/2000,30,{'average': 9.1},"Joey gets in trouble for giving female customers free food at Central Perk. A sick Monica desperately tries to convince Chandler that she's not sick. After her father cuts her off, Rachel's sister Jill comes to town and Rachel talks Jill into asking Ross out.",https://image.tmdb.org/t/p/original/lIekB9Iqefj7g2RTUgeOrawGhDV.jpg
The One Where Chandler Can't Cry,6,14,2/10/2000,30,{'average': 9},Chandler admits that he hasn't cried since he was a child. Phoebe discovers that Ursula is starring in porno movies using her name. Rachel desperately tries to stop Ross and Jill from starting a relationship.,https://image.tmdb.org/t/p/original/v9jXwRkamJyt5ZwoC9eD3c2XHKJ.jpg
The One That Could Have Been: Part 1,6,15,2/17/2000,30,{'average': 9.5},"Barry and Mindy's impending divorce prompts the gang to fantasize about what their lives might be like if they'd all taken different courses. Ross is still married to Carol, and Rachel is married to Barry, but fawning over famous soap star Joey Tribbiani. Monica is still fat and dating a doctor. Chandler is an aspiring writer and Phoebe is a Wall Street shark for Merrill Lynch.",https://image.tmdb.org/t/p/original/fhUs4A5qAOZZRkHsiBNvhUbzAbd.jpg
The One That Could Have Been: Part 2,6,16,2/17/2000,30,{'average': 9.5},Carol and Ross decide to have a threesome to spice up their marriage. Rachel goes to Joey's and kisses him. Chandler and Monica have sex and end up together anyway. Susan meets Carol. Rachel catches Barry cheating.,https://image.tmdb.org/t/p/original/kAf0eTcqL8ehrfWYyKbNSzwiHuv.jpg
The One With Unagi,6,17,2/24/2000,30,{'average': 9.2},"Joey needs money for new headshots, and tries to enter a medical study. The only problem is that the study is for twins. Rachel and Phoebe are taking a self-defense class, but Ross tries to give them a lesson in Unagi instead. Chandler needs a homemade present for Monica's Valentine's Day present.",https://image.tmdb.org/t/p/original/12OVdVusbxyZKN5YFEhuMLkuFQP.jpg
The One Where Ross Dates a Student,6,18,3/9/2000,30,{'average': 8.8},"Ross gets his student evaluations and one student writes that he's hot. Even though it could cost him his job, he considers dating her. An ex-girlfriend of Chandler's from college is directing the new Al Pacino movie and Joey wants an audition. A fire starts in Phoebe and Rachel's apartment, forcing them to find temporary living spaces with Monica and Joey.",https://image.tmdb.org/t/p/original/AsK0ljsXaUVPJyMMyEZLIFjhHzR.jpg
The One With Joey's Fridge,6,19,3/23/2000,30,{'average': 8.8},"Phoebe and Monica &amp; Chandler compete to get Rachel a date for a charity ball. Joey's fridge is broken and he tries to cajole his friends into helping him buy a new one. Elizabeth tells Ross her intention to visit Daytona Beach for spring break, making him nervous.",https://image.tmdb.org/t/p/original/l8EycgFaGhknaUnWxkMza4Okj24.jpg
The One With Mac and C.H.E.E.S.E.,6,20,4/13/2000,30,{'average': 8.6},"Joey gets an audition for the lead character in a new TV show. When the audition is rescheduled, Chandler takes the message but forgets to tell Joey. Then the group recalls some of Joey's less-than-spectacular acting moments.",https://image.tmdb.org/t/p/original/5t8pBcCf87asXhsO1UYvECTKU1b.jpg
The One Where Ross Meets Elizabeth's Dad,6,21,4/27/2000,30,{'average': 9.1},"Ross asks his friends to keep him company when he meets Elizabeth's dad for the first time. Paul ends up hitting it off with Rachel. Phoebe decides to write ""another"" book, about Monica and Chandler. Joey may be fired from his sitcom when he has a fight with C.H.E.E.S.E.'s operator.",https://image.tmdb.org/t/p/original/jyzT86Ob4sqWevYel1ZdroL2hSV.jpg
The One Where Paul's the Man,6,22,5/4/2000,30,{'average': 9.3},"While visiting an art museum, Monica puts her name on a two-year waiting list to use the museum for a wedding. When Paul threatens to fire Ross if he doesn't stop seeing his daughter, Ross and Elizabeth take a trip up to her dad's mountain cabin. Unfortunately, Paul has the same idea and takes Rachel up to the cabin.",https://image.tmdb.org/t/p/original/grpysBMIoetM5LqWxWVZwjQsoT3.jpg
The One With the Ring,6,23,5/11/2000,30,{'average': 9.3},"Chandler and Phoebe shop for a ring for Monica. Chandler finds the perfect one but Phoebe accidentally lets it get away. Rachel wants Paul to open up, but he opens up a bit too much. Ross and Joey think that Chandler's mad at them because he's preoccupied with the ring.",https://image.tmdb.org/t/p/original/3OWXfD3koZkh2EbTLk95rSGJcG.jpg
"The One With the Proposal, Part 1",6,24,5/18/2000,30,{'average': 9.6},"Chandler plans to propose to Monica at dinner, but his plans go awry when Richard shows up. Phoebe and Joey join Rachel at a charity auction.",
"The One With the Proposal, Part 2",6,25,5/18/2000,30,{'average': 9.3},"Monica struggles to decide between Richard and Chandler. Meanwhile, Rachel and Phoebe discuss their backup plans if they are not married before the time they're 40.",
The One With Monica's Thunder,7,1,10/12/2000,30,{'average': 9.1},"Everybody toasts the engagement. Phoebe wants to be the musician at the wedding. Joey prepares for an audition where he must play a 19-year-old. After Chandler can't get it up for Monica, he worries about the consequences. Ross and Rachel debate a ""bonus night"", but Monica catches them kissing and thinks Rachel is trying to steal her night.",https://image.tmdb.org/t/p/original/imDBzYIzNH5iSOarKkq84I5L167.jpg
The One With Rachel's Book,7,2,10/12/2000,30,{'average': 8.7},"Everybody begins planning for the wedding. Napping in Rachel's bed because the duck threw up in his, Joey discovers that Rachel has been reading a trashy romance novel. Phoebe moves her massage parlor in Ross's apartment. Monica's parents spent her wedding money on a beach house, but Chandler reveals he has enough saved for the wedding of Monica's dreams.",https://image.tmdb.org/t/p/original/yV05qgkIsfjEN33gDsuNMgqPjAT.jpg
The One With Phoebe's Cookies,7,3,10/19/2000,30,{'average': 8.8},Rachel tries to teach Joey how to sail his boat but turns into an overbearing perfectionist. Chandler plays racquetball with Monica's father and accidentally sits on his lap in the steam room... while they're both naked. Monica tries desperately to reproduce Phoebe's grandmother's secret cookie recipe.,https://image.tmdb.org/t/p/original/s2jCzF7wnHJMs0gLrJzgPEbd1Zd.jpg
The One With Rachel's Assistant,7,4,10/26/2000,30,{'average': 9},"While hiring a new assistant, Rachel is torn between hiring a much more qualified woman, or a handsome but inexperienced young man. Monica, Chandler and Ross engage in a war of secret sharing after Monica and Chandler vow to be more honest. Joey has problems when his TV show is cancelled after just one airing.",https://image.tmdb.org/t/p/original/o8pwwXI3buttxvgjBvn1ShmFb89.jpg
The One With the Engagement Picture,7,5,11/2/2000,30,{'average': 8.5},"While taking an engagement picture for himself and Monica, Chandler cannot make anything but a weird face. Rachel enlists Joey to take Tag out for a night on the town. Phoebe and Ross date a couple in the middle of a divorce.",https://image.tmdb.org/t/p/original/9SKIbk7GXFVk7o95eLrNXsTboNl.jpg
The One With the Nap Partners,7,6,11/9/2000,30,{'average': 9.2},Rachel and Phoebe compete to be Monica's maid-of-honor. Joey and Ross find themselves in awkward positions after a nap. Monica insists that Chandler apologize to an ex-girlfriend for dumping her because of a weight gain.,https://image.tmdb.org/t/p/original/d2DIHHrmqqyaEEzwVF6kXGEFUuQ.jpg
The One With Ross's Library Book,7,7,11/16/2000,30,{'average': 9},"Rachel and Phoebe convince Joey to keep dating a girl that they like. However, the girls must decide whether to tell Joey when they find out that she's not interested in a serious relationship with him. Monica unintentionally invites Janice to her wedding. Ross is proud to find his thesis in the library but gets upset when he discovers it is in a section that is so deserted that students go there to make out.",https://image.tmdb.org/t/p/original/st1Om9JiUPGUNuF2gnYfAspMDNY.jpg
The One Where Chandler Doesn't Like Dogs,7,8,11/23/2000,30,{'average': 9},"Ross drives himself insane when he can't name all 50 states in a simple game. Tag joins the gang for Thanksgiving dinner, where Joey accidentally spills the beans about Rachel's crush on him. Phoebe sneaks a dog into the apartment, making Chandler extremely nervous.",https://image.tmdb.org/t/p/original/yWoxm88Cqir55r6QMQX5ZT4eLQ1.jpg
The One With All the Candy,7,9,12/7/2000,30,{'average': 8.9},"When Phoebe tells the gang about how she was too poor to have a bike as a child, Ross goes out and buys her one. Rachel writes a playful work evaluation of Tag that he accidentally turns in to human resources. Monica decides to make candy and leave it outside her door as a way to meet the neighbors.",https://image.tmdb.org/t/p/original/9kX1MNGKOCJl5mn6E02upYEvowd.jpg
The One With the Holiday Armadillo,7,10,12/14/2000,30,{'average': 8.9},"Ross's plans to teach Ben about Hanukkah are continually thwarted when the young boy can't get his mind off of Santa. Phoebe prepares to move back into her refurbished apartment, with or without Rachel. However, she'll stop at nothing to get Rachel to go with her, including buying Joey a drum set. Monica is mystified by Chandler's inability to tip properly.",https://image.tmdb.org/t/p/original/rfwc29L9N22vhU1mh7I8QBrXLjX.jpg
The One With All the Cheesecakes,7,11,1/4/2001,30,{'average': 9.2},"Phoebe gets angry with Joey when he blows off dinner with her for a date. The tables are turned however when her scientist boyfriend David returns to town for one night -- the same night when she's scheduled to go to dinner with Joey. Monica is upset by her lack of invitation to a cousin's wedding, especially when she finds out that Ross was invited ""with guest"". Chandler accidentally gets a cheesecake delivered that was intended for another apartment. When he and Rachel start eating it, they are unable to stop and refuse to give it back.",https://image.tmdb.org/t/p/original/1WSZPGVEY78CsWiFBr6LfERuZwT.jpg
The One Where They're Up All Night,7,12,1/11/2001,30,{'average': 9},"Ross assembles the gang on the roof to watch a meteor shower. They all decide to leave, however, Ross becomes trapped on the roof with Joey; the two try to escape using the fire escape. Rachel and Tag argue over which one of them forgot to send a package at work. Phoebe's fire alarm won't stop beeping. Chandler and Monica can't seem to fall asleep together, so they keep waking each other up.",https://image.tmdb.org/t/p/original/q1lnv5Nar6WIxbrQo5cV7P8YAeU.jpg
The One Where Rosita Dies,7,13,2/1/2001,30,{'average': 9},"In an attempt to make up for her slow massage business, Phoebe takes a job as a telemarketer for an office supply company. When her first call is to a despondent office manager, she takes it upon herself to convince him to not kill himself. Monica and Ross discover that their parents are selling their house. While attempting to re-arrange the furniture, Rachel breaks Joey's favorite chair (that he's named Rosita).",https://image.tmdb.org/t/p/original/oeur7OVIlBZpNXKl4cgsPFQnVJ7.jpg
The One Where They All Turn Thirty,7,14,2/8/2001,30,{'average': 9.5},"When Rachel turns 30, the gang reminisces about their 30th birthdays. While trying to patch things up with Ursula, Phoebe discovers that she is 31. Ross buys a sports car to look cool. Monica gets drunk in front of her parents.",https://image.tmdb.org/t/p/original/eghy8EUnsmH6w6vEMAV2Ug18GXn.jpg
The One With Joey's New Brain,7,15,2/15/2001,30,{'average': 8.8},Ross plans a surprise for Monica and Chandler's wedding -- he wants to play the bagpipes. Dr. Drake Ramoray is coming out of his coma on Days of Our Lives. A diva will be killed off and her character's brain will be transplanted into Drake's. Phoebe and Rachel fight over a guy who left his cell phone in Central Perk.,https://image.tmdb.org/t/p/original/jCJg30mOZFUUjAdig3aeSbXL7VW.jpg
The One With the Truth About London,7,16,2/22/2001,30,{'average': 9.1},Chandler becomes upset after learning that Monica only came to his room in London looking for Joey on the first night they were together. Joey is ordained as a minister through the Internet so that he can officiate the wedding. Phoebe becomes upset after taking headache medicine. Ross becomes upset after a baby-sitting Rachel teaches Ben how to play pranks.,https://image.tmdb.org/t/p/original/tfsPxEQ5cmpg4pEDAWssR3TW489.jpg
The One With the Cheap Wedding Dress,7,17,3/15/2001,30,{'average': 8.9},"Monica regrets telling a woman about a discount bridal shop when they end up fighting over the same dress. Meanwhile, Joey and Ross discover that they're dating the same girl.",https://image.tmdb.org/t/p/original/6EdqJXkjEaoN09otW5e0Q3fchIl.jpg
The One With Joey's Award,7,18,3/29/2001,30,{'average': 8.9},"Joey is nominated for a Soapie Award, and will go to any length to get the award. He loses, but he steals a trophy from one of his co-stars (Jessica) who doesn't appreciate the award. One of Ross's students convinces him that he failed his midterm because he's in love with Ross. When a guy hits on Phoebe instead of her, Monica realises that Chandler is the only one left in her life to kiss, sleep with, and so on.",https://image.tmdb.org/t/p/original/7j4ammK2F5K9pmyLh946m1eIhOF.jpg
The One With Ross and Monica's Cousin,7,19,4/19/2001,30,{'average': 9.1},"Joey auditions for a big movie role which will require him to appear naked. A problem arises, however, when the part calls for an uncircumcised man. Rachel and Phoebe plan Monica's wedding shower at the last minute. Ross and Monica's cousin visits and Ross becomes attracted to her for some reason.",https://image.tmdb.org/t/p/original/ikhwogIjntfhWquuOfxdJwg8GHL.jpg
The One With Rachel's Big Kiss,7,20,4/26/2001,30,{'average': 9.1},"Rachel's friend, Melissa, from college shows up at the coffee house which brings back memories of their ""closer"" days. Then when Melissa can't remember that special night in their senior year, Rachel goes to great lengths to prove to Phoebe that there was really a kiss. Meanwhile, Chandler and Ross argue for possession of Val Kilmer's tuxedo. Also, Joey drives Monica crazy when he insists that the wedding be arranged around his parents' schedule.",https://image.tmdb.org/t/p/original/xh9Wk6wyQDza7mKVc39wGcjGDRb.jpg
The One With the Vows,7,21,5/3/2001,30,{'average': 8.5},"With four weeks left before the wedding, Chandler and Monica are faced with the issue of their wedding vows. With each person dealing with their own problems in writing the vows, they turn to memories of past events to help them.",https://image.tmdb.org/t/p/original/kgLt31d0oEed39CIkw3lsO4EZ9c.jpg
The One With Chandler's Dad,7,22,5/10/2001,30,{'average': 9},"Monica's Porsche shows up again, and becomes a conflict when Rachel finds out she is the only one who hasn't driven it. Meanwhile, Chandler and Monica travel to Vegas to find Chandler's dad and invite him (or her) to the wedding. Back at home, Joey proves his masculinity to Phoebe, while Ross and Rachel hit the freeway in the ""bad boy"".",https://image.tmdb.org/t/p/original/1ApTQ7uUhUkLI3si7r2iLp3xXt4.jpg
"The One with Monica and Chandler's Wedding, Part 1",7,23,5/17/2001,30,{'average': 9.2},"Monica and Chandler prepare for their wedding. During the rehearsal dinner with their families, Chandler's tie get's tighter and tighter until he can't take it anymore and he disappears. Meanwhile, Joey is starring in a movie with a prestigious actor with a spitting problem.",https://image.tmdb.org/t/p/original/omXc88sdzQHamGPW0GR5zL5McPB.jpg
"The One with Monica and Chandler's Wedding, Part 2",7,24,5/17/2001,30,{'average': 9.3},"Joey encounters problems trying to get off the movie set to officiate the wedding when the star turns up drunk. Meanwhile, Ross desperately searches for the missing Chandler as Rachel and Phoebe try to keep Monica from finding out. While the girls are searching, they come across a positive pregnancy test in a garbage can.",
"The One After ""I Do""",8,1,9/27/2001,30,{'average': 9.1},"Everybody thinks Monica's pregnant, but her denial quickly shifts the focus to Phoebe, taking the heat off of Rachel. Chandler's shoes are slippery, rendering his dance lessons useless. Joey tries to impress a Broadway director. Ross dances with children to impress a woman.",https://image.tmdb.org/t/p/original/zTVPfthOgP1yz9PcOxHRwPMEAUS.jpg
The One With the Red Sweater,8,2,10/4/2001,30,{'average': 9.5},"Rachel won't tell anybody who the father of her baby is until she tells him. Joey tells Monica and Phoebe that a guy slept with Rachel a few weeks earlier, and left a red sweater behind. Ross and Chandler attempt to recreate the wedding pictures, after Chandler loses the disposable cameras. Monica opens all of her and Chandler's wedding presents.",https://image.tmdb.org/t/p/original/Ac5DNKZFRjlemuae22SKqI8geEB.jpg
The One Where Rachel Tells Ross,8,3,10/11/2001,30,{'average': 9.2},Chandler and Monica prepare to leave for their honeymoon as Rachel prepares to tell the father of her baby. Phoebe and Joey try to get into Monica and Chandler's apartment.,https://image.tmdb.org/t/p/original/wZeIsy5034XouvErUT9fAI8UIjy.jpg
The One With the Videotape,8,4,10/18/2001,30,{'average': 9.2},Ross and Rachel disagree over who came onto whom when they hooked up. He wants to prove it and accidentally reveals that he has the encounter on videotape. Monica and Chandler meet another couple while on their honeymoon.,https://image.tmdb.org/t/p/original/1znECVU4xrWkzs2Khs0YHvTNSTo.jpg
The One With Rachel's Date,8,5,10/25/2001,30,{'average': 8.8},"Phoebe begins dating a guy who works for Monica, causing a problem when Phoebe wants to dump him on the same day Monica plans to fire him. A guy at Chandler's work thinks that Chandler's name is Toby. Rachel goes on a date with Joey's costar, despite being pregnant, much to Ross' annoyance.",https://image.tmdb.org/t/p/original/hn9Wxur1Y4s8esWI8w8VrNbSbz8.jpg
The One With the Halloween Party,8,6,11/1/2001,30,{'average': 9.2},"Monica and Chandler are throwing a Halloween Party. At the party Phoebe runs into her sister's fiance, Eric, and finds herself attracted to him. Ross and Chandler arm wrestle. Rachel asks if she can be the person who hands out candy to the trick-or-treaters, claiming 'the strongest maternal instincts', only to find out she isn't as maternal as she thought.",https://image.tmdb.org/t/p/original/etHUWVLhXpPHCbzH4uNNetEQkUq.jpg
The One With the Stain,8,7,11/8/2001,30,{'average': 8.7},"Chandler hires a maid, whom Monica suspects is stealing her clothing. Eric has broken up with Ursula and is ready to date Phoebe, except for one problem: he can't look at her without seeing Ursula. Ross tries to get Rachel an apartment in his building, but the woman living there isn't in a hurry to die.",https://image.tmdb.org/t/p/original/busMxkMHJCt5hyd4LRMH9Teg5KZ.jpg
The One With the Stripper,8,8,11/15/2001,30,{'average': 9.2},"Rachel prepares to have dinner with her dad and tell him that she's pregnant. Meanwhile, an unknowing Chandler discovers that Monica had a stripper at her bachelorette party, causing her to try to make it up, by getting him a stripper.",https://image.tmdb.org/t/p/original/ol7aXhn4TCZmwbud9g72uR8WGFc.jpg
The One With the Rumor,8,9,11/22/2001,30,{'average': 9.5},"Monica invites an old friend from high school over for Thanksgiving dinner, unaware that Will started a ""We Hate Rachel"" club with Ross. Meanwhile, Joey vows to eat an entire turkey by himself, and Chandler and Phoebe pretend to watch football to avoid helping in the kitchen.",https://image.tmdb.org/t/p/original/nhQ7irmtvCdMqGbfmN21Vf0FI4H.jpg
The One With Monica's Boots,8,10,12/6/2001,30,{'average': 8.8},"Chandler is peeved when Monica splurges on an expensive pair of boots. Phoebe learns Ross' and Sting's children attend the same school, she angles to meet the celebrity and get concert tickets. When Joey's sister Dina tells him she is pregnant, he freaks out.",https://image.tmdb.org/t/p/original/qRRYtxCn7nrS2Y6rHwg2vpnSt68.jpg
The One With the Creepy Holiday Card,8,11,12/13/2001,30,{'average': 9},"Ross starts to panic when Mona gets an idea to send out a holiday card for the two of them, thinking that their relationship is starting to move too fast. Chandler's newly divorced boss tries to get Monica and Chandler to come out to dinner with him, but Monica can't stand him. Rachel's hormones start acting up due to her pregnancy, causing her to hit on almost every guy she meets.",https://image.tmdb.org/t/p/original/s7JMRcbWK211dg4GUABjZWOjykB.jpg
The One Where Joey Dates Rachel,8,12,1/10/2002,30,{'average': 9.2},"Phoebe gets Monica and Chandler a Ms. Pacman arcade game for a wedding present, which leads to some heavy competition between Monica, Phoebe, and surprisingly, Chandler. Ross gets to teach an important class because of a retiring professor, but soon learns that its on the other side of town, and he doesn't have enough time to get there. Joey takes Rachel to dinner on a pretend date to make her feel better since she can't have a normal relationship due to her pregnancy.",https://image.tmdb.org/t/p/original/kagedGmNAj0de2q2ej1CQVyAlsk.jpg
The One Where Chandler Takes a Bath,8,13,1/17/2002,30,{'average': 9.2},"Monica turns Chandler on to the concept of a bath to relax, complete with scented oils and candles. Ross and Rachel toss baby names back and forth while deciding whether to learn the baby's sex. Joey still likes Rachel, a fact that Monica, Chandler and Phoebe discover by a little detective work.",https://image.tmdb.org/t/p/original/bcmxlN6YdOIScblA4c3qmq2gsx8.jpg
The One With the Secret Closet,8,14,1/31/2002,30,{'average': 8.9},Phoebe talks Monica into letting her give her a massage but becomes disconcerted when Monica begins making sexual noises. Joey dreams about being with Rachel and betraying Ross. Chandler realizes he's never seen what's in the closet by the bathroom and tries to break in. Rachel feels her baby kick for the first time.,https://image.tmdb.org/t/p/original/pIZ4ZbdqiUW0X7iGDbC1eTBwSms.jpg
The One With the Birthing Video,8,15,2/7/2002,30,{'average': 9.2},Phoebe tries to cheer up a depressed Joey by lending him the world's happiest dog. Ross has yet to tell Mona that Rachel's living with him. Monica and Chandler's romantic Valentine's Day is interrupted when they watch a videotape of Phoebe's friend giving birth.,https://image.tmdb.org/t/p/original/dRwuancw8f7wJr5t3bkct4X5E5P.jpg
The One Where Joey Tells Rachel,8,16,2/28/2002,30,{'average': 9.1},"Ross has trouble understanding Joey's revelation, as does Gunther. However, he comes to his senses and convinces Joey to tell Rachel how he feels. Meanwhile, Phoebe meets Monica's soulmate.",https://image.tmdb.org/t/p/original/4t7nMNohxhwKBUuDI1v93Y9ekWF.jpg
The One With the Tea Leaves,8,17,3/7/2002,30,{'average': 8.8},"Joey has been hiding from Rachel, so she invents a problem at work to draw him into conversation. Phoebe's tea leaves tell her that she's going to meet the man of her dreams, except that the man she meets is a nightmare. Ross tries to retrieve his favorite shirt from Mona's, interrupted when she returns home with a date.",https://image.tmdb.org/t/p/original/aZB8MEwEBktPcL2nr8dqyl1bi0x.jpg
The One in Massapequa,8,18,3/28/2002,30,{'average': 8.7},"Everybody prepares to go out to Long Island for the elder Gellers' 35th wedding anniversary party. Monica wants to write a toast to make everybody cry like Ross's toasts do. Ross and Rachel discover that his parents have told people they're married. Phoebe invites her new boyfriend, Parker, who is extremely enthusiastic.",https://image.tmdb.org/t/p/original/6KO8iJzaNQBbQxYzoJtV1W06T4S.jpg
The One With Joey's Interview,8,19,4/4/2002,30,{'average': 8.2},"Joey prepares for an interview with Soap Opera Digest, although he's afraid of appearing stupid, so he enlists his friends to make sure things go well. During the interview, he reminisces about his past acting experiences, what he does in his spare time, eating and exercising right, his friends, his homosexual tendencies, and his romantic life.",https://image.tmdb.org/t/p/original/yIw1XSopqnujd78Tgm24I2Pzq61.jpg
The One With the Baby Shower,8,20,4/25/2002,30,{'average': 9},"Rachel panics when she realizes that she is not ready to take care of her baby, and reluctantly agrees for her mother to move in with her and Ross to help out. Monica tries desperately to get Mrs. Green to like her. Meanwhile, the guys help Joey practice for his audition as the host of a wild game show called ""Bamboozled.""",https://image.tmdb.org/t/p/original/qQIq9ALRWu2WB2WDMVz7lWNTnQd.jpg
The One With the Cooking Class,8,21,5/2/2002,30,{'average': 9.1},"Monica's restaurant gets a bad review in the Post. After confronting the critic who wrote it, she decides to join a cooking class, with Joey in tow. Ross goes on a date with a clerk from a baby store, making Rachel jealous. Chandler prepares for a job interview after Phoebe tells him that he makes a bad first impression.",https://image.tmdb.org/t/p/original/paUWeSKy1BRnh7a1D4hUi8SQnJh.jpg
The One Where Rachel is Late,8,22,5/9/2002,30,{'average': 9.2},"With the release of Joey's movie approaching, he must decide which friend to invite to the premiere. Unfortunately, his pick, Chandler, falls asleep during it. Monica and Phoebe bet on when the baby will be born as Rachel's due date comes and goes.",https://image.tmdb.org/t/p/original/mtyhJQESigpYObHoJDdfTIjnt8g.jpg
"The One Where Rachel Has a Baby, Part 1",8,23,5/16/2002,30,{'average': 9.3},"Rachel and Ross arrive at the hospital. Monica and Chandler decide to have a baby and right away. Mrs. Geller turns up to give Ross her mother's engagement ring; she wants Ross to marry Rachel. Joey can't understand why somebody wouldn't want to be married to Rachel. Phoebe meets a handsome stranger, but can't quite get his room number, so she gets Dr. Drake Ramoray to get it.",https://image.tmdb.org/t/p/original/rk7CtLH2RXUK5LBdr6Mg1YZxn3j.jpg
"The One Where Rachel Has a Baby, Part 2",8,24,5/16/2002,30,{'average': 9.4},"Drake reports to Phoebe. Chandler and Monica look for a room in the hospital to use for a tryst. After 21 hours of labor, Rachel's ready to have the baby. Joey blows it for Phoebe but fixes it just as quickly.",
The One Where No One Proposes,9,1,9/26/2002,30,{'average': 9.1},"Because of a misunderstanding, Rachel finds herself engaged to Joey instead of Ross, who was planning to propose.",https://image.tmdb.org/t/p/original/dNqS2szoMmfgfFttsVZTggXjttz.jpg
The One Where Emma Cries,9,2,10/3/2002,30,{'average': 8.9},Somebody ends up in the hospital when Joey attempts to apologize to Ross for mistakenly asking Rachel to marry him.,https://image.tmdb.org/t/p/original/1WMGVmrp5ZOiLjMTCcx8J7Ws18g.jpg
The One With the Pediatrician,9,3,10/10/2002,30,{'average': 8.9},Rachel's constant calls to Emma's pediatrician force him to reject her as a patient.,https://image.tmdb.org/t/p/original/svtWGUDz560o96lHLSIo0PN8zxS.jpg
The One With the Sharks,9,4,10/17/2002,30,{'average': 8.9},"Phoebe fears losing Mike, and her self-doubt is exacerbated by Ross' foolish comments.",https://image.tmdb.org/t/p/original/nlogeZvRNX0kkN80hhoPAMjMoZT.jpg
The One With Phoebe's Birthday Dinner,9,5,10/31/2002,30,{'average': 9.2},Rachel is afraid to leave Emma with a babysitter.,https://image.tmdb.org/t/p/original/iAN1Ws0X6seDBw9sSq5IeTThXSh.jpg
The One With the Male Nanny,9,6,11/7/2002,30,{'average': 9.4},Ross jealously mocks Rachel's choice of an oversensitive male nanny for Emma.,https://image.tmdb.org/t/p/original/95NzE8ACrk96PtNCM88k1o98wuj.jpg
The One With Ross's Inappropriate Song,9,7,11/14/2002,30,{'average': 9.5},"When Chandler's former romantic rival decides to sell his apartment, Chandler persuades Joey to help him inspect it on the sly.",https://image.tmdb.org/t/p/original/pBnUEJawXmeYZyY32jxvcepvfFY.jpg
The One With Rachel's Other Sister,9,8,11/21/2002,30,{'average': 9.6},"Rachel's self-centered younger sister, Amy, ruins everyone's Thanksgiving dinner with her uncensored observations.",https://image.tmdb.org/t/p/original/kYfo4vNSEDjDu9jhGAPDvJBVNde.jpg
The One With Rachel's Phone Number,9,9,12/5/2002,30,{'average': 9.3},"While on a night out with Phoebe, Rachel impulsively gives her telephone number to a handsome restaurant patron.",https://image.tmdb.org/t/p/original/9fLrbwWlk71ijfQNQd7ZGIkokgM.jpg
The One With Christmas in Tulsa,9,10,12/12/2002,30,{'average': 8.7},"Because of a critical deadline at work, Chandler is stuck spending Christmas in Tulsa, Okla.",https://image.tmdb.org/t/p/original/dg0JY99c3DOKkt9VuBUQ1rYwctA.jpg
The One Where Rachel Goes Back to Work,9,11,1/9/2003,30,{'average': 9},"While visiting her workplace to show off baby Emma, Rachel is surprised to find a handsome temp who's been doing her job.",https://image.tmdb.org/t/p/original/zpY4Re3IqvYrPG75AlTrRQAvYNW.jpg
The One With Phoebe's Rats,9,12,1/16/2003,30,{'average': 9.1},Rachel is irritated to learn that her handsome workplace rival has been invited to her birthday party.,https://image.tmdb.org/t/p/original/lTlqu2AsioTFRDiok3oVV0OFTGl.jpg
The One Where Monica Sings,9,13,1/30/2003,30,{'average': 9},"While Rachel sorts out her conflicted feelings for Gavin, Ross sets out to make her jealous, enlisting Chandler to help him meet attractive women.",https://image.tmdb.org/t/p/original/upFUL4W5piQPWrHRwykCHNnlQe3.jpg
The One With the Blind Dates,9,14,2/6/2003,30,{'average': 9.1},"In an attempt to reunite Rachel and Ross, Joey and Phoebe arrange awful blind dates for both of them.",https://image.tmdb.org/t/p/original/FRftNRoz7VDKiWMBNfv0uxbMXh.jpg
The One With the Mugging,9,15,2/13/2003,30,{'average': 9.2},"Joey develops an unusual acting method to impress a famous fellow actor. Meanwhile, Chandler accepts an internship at an advertising agency.",https://image.tmdb.org/t/p/original/nBEazpZAqKuTMliM1ydfTq2QGWc.jpg
The One With the Boob Job,9,16,2/20/2003,30,{'average': 9.3},"Phoebe asks Mike to move in with her, but coming so close to married life may cause trouble in their relationship.",https://image.tmdb.org/t/p/original/4xNYEIa6uVBNSeplys4pAjT195U.jpg
The One With the Memorial Service,9,17,3/13/2003,30,{'average': 8.9},"When Chandler jokingly posts an outrageous biography about Ross on his college alumni Web site, Ross retaliates.",https://image.tmdb.org/t/p/original/z0Lu8f06CXqIB1KHqFNdU41zcco.jpg
The One With the Lottery,9,18,4/3/2003,30,{'average': 9.6},"Hoping to win a huge jackpot, the friends pool their money and buy dozens of lottery tickets.",https://image.tmdb.org/t/p/original/toJZ7LoCvdJRjLFLKmtDav3gBhi.jpg
The One With Rachel's Dream,9,19,4/17/2003,30,{'average': 9.1},"Nervous because his daytime-drama role requires him to act as if he's deeply in love with a woman, Joey rehearses with Rachel.",https://image.tmdb.org/t/p/original/862ijAk0BbamUuYNbPAR1vr60ov.jpg
The One With the Soap Opera Party,9,20,4/24/2003,30,{'average': 8.6},"Ross is excited when he meets fellow paleontologist Charlie Wheeler, who's a stunning beauty.",https://image.tmdb.org/t/p/original/4wH9b3svJ1m2kZGc7rNCqfkvvCJ.jpg
The One With the Fertility Test,9,21,5/1/2003,30,{'average': 8.5},"Ross is in agony because Charlie is dating Joey. Meanwhile, Chandler and Monica visit a fertility clinic.",https://image.tmdb.org/t/p/original/o7VpwLq0wtQLHEl0a05BNq4TWEb.jpg
The One With the Donor,9,22,5/8/2003,30,{'average': 9.1},"Disappointed to learn that they can't conceive a baby naturally, Monica and Chandler consider their options.",https://image.tmdb.org/t/p/original/8Wne3Hui6xRR9pmbYr4cjxpvWIU.jpg
"The One in Barbados, Part 1",9,23,5/15/2003,30,{'average': 9.4},"Chandler gives David some bad advice, sparks fly between Ross and Charlie, and Rachel struggles with the idea of telling Joey that she's crazy about him.",https://image.tmdb.org/t/p/original/bNPVvR7WmxgxRddVxOA3xdxVOKj.jpg
"The One in Barbados, Part 2",9,24,5/15/2003,30,{'average': 9.5},"Charlie and Joey break up, Rachel finally tells Joey about her crush on him, and Monica and Mike compete at a game of ping pong.",
The One After Joey and Rachel Kiss,10,1,9/25/2003,30,{'average': 9},"Monica, Chandler and Phoebe discover that they can eavesdrop on Ross &amp; Charlie and Joey &amp; Rachel through the walls of the hotel. Both new couples decide to wait before proceeding with their relationships, until the men can talk to each other. Ross tells Joey on the plane ride back to New York, but Joey can't quite yet. Later, Ross walks in on Joey and Rachel kissing. Meanwhile, Monica combats her poofy hair by getting corn rows put in, and Phoebe discovers that Mike has a girlfriend.",https://image.tmdb.org/t/p/original/eo4ySedQXdpKoB2cRshDA9UEbLO.jpg
The One Where Ross is Fine,10,2,10/2/2003,30,{'average': 8.8},"Ross puts on a convincing front and invites Joey and Rachel to dine on fajitas with him and Charlie. He quickly gets drunk and embarrasses everyone. After Rachel and Charlie leave, Joey spends the night and the two talk in the morning. Ross tells Joey he'll work on getting used to him and Rachel. Meanwhile, Frank Jr. visits with his kids and tries to talk Phoebe into taking one of the triplets. Also, Chandler and Monica visit some friends of Phoebe's to learn about adoption. However, Chandler accidentally tells their son something he didn't know - that he's adopted.",https://image.tmdb.org/t/p/original/2K1zPklVTR9Z2l47iJFuvRzGjOx.jpg
The One With Ross's Tan,10,3,10/9/2003,30,{'average': 8.8},"Joey and Rachel's first date goes well, until they return to their apartment and discover that everything's awkward. They decide that they make better friends than lovers and call off their relationship. Monica and Phoebe try to avoid their annoying friend Amanda, who has returned from living in London with a fake British accent. Ross gets a spray-on tan.",https://image.tmdb.org/t/p/original/u2NYOpUX2ZE1KFkBr2h5mrYiN1P.jpg
The One With the Cake,10,4,10/23/2003,30,{'average': 8.9},"It's baby Emma's first birthday and Rachel won't let the party start until Emma wakes from her nap. However, everybody has places to be: Monica and Chandler want to leave for a weekend getaway in Vermont, Phoebe has a massage client, and Joey has an audition.",https://image.tmdb.org/t/p/original/fY5jQGe5Z6yyV66ElDGwDcNZGMQ.jpg
The One Where Rachel's Sister Babysits,10,5,10/30/2003,30,{'average': 9},"Monica and Chandler solicit Joey to write a letter to the adoption agency on their behalf. Joey discovers the thesaurus. Rachel's sister Amy visits and moves in with Rachel and Joey. She babysits Emma and gets the little girl's ears pierced. On their first anniversary, Phoebe spoils Mike's plans to propose, so she proposes to him. That doesn't go well, but the two get engaged anyway.",https://image.tmdb.org/t/p/original/rCmLkDHifFFkoFnZ9j7h4Vrxnaf.jpg
The One With Ross's Grant,10,6,11/6/2003,30,{'average': 8.7},"Rachel and Monica fight over who will receive an ugly painting from Phoebe's apartment when Mike wants her to get rid of it. Chandler gets on Joey's bad side when he lies about watching Joey's audition tape. Ross is up for a big grant, although Charlie's ex-boyfriend is in charge of who gets it. Dr. Hobart tries to trade--Ross breaks up with Charlie and he'll get the grant. Eventually, Charlie and Dr. Hobart reconcile after he reveals his feelings for her.",https://image.tmdb.org/t/p/original/kEsHJvPzYy5ajdY3Rkct2Z5QrZ6.jpg
The One With the Home Study,10,7,11/13/2003,30,{'average': 8.7},Phoebe and Mike struggle over their decision to donate their wedding fund to charity. Ross discovers Rachel's irrational fear of swings. The adoption worker in charge of deciding the fate of Monica and Chandler's adoption hopes had a one-night-stand with Joey where he never called her back. Monica and Chandler are approved for adoption.,https://image.tmdb.org/t/p/original/mCnDBgrjzDPIBPMSlo1TdMk28C6.jpg
The One With the Late Thanksgiving,10,8,11/20/2003,30,{'average': 9.1},"After Monica announces that she's not cooking Thanksgiving dinner this year, Phoebe talks her back into it. Ross, Rachel, Phoebe and Joey are all late to the dinner, thanks to a baby beauty contest and a Rangers game, so Monica and Chandler lock them out. The gang is united again when Monica gets a phone call informing her that a pregnant girl from Ohio has selected her to adopt her unborn baby.",https://image.tmdb.org/t/p/original/wy23se5VuWF574aHoljxvwoSudK.jpg
The One With the Birth Mother,10,9,1/8/2004,30,{'average': 9},"Monica and Chandler travel to Ohio to meet a potential mother for their child, but they're put in an uncomfortable situation when the mom-to-be thinks they're a reverend and doctor. Joey's date picks food off his plate. Rachel picks out an outfit for Ross to wear on a date, but accidentally gives him the bag with her purchases instead.",https://image.tmdb.org/t/p/original/4s7D54BlT3bx1nNoTUEYxofeIMW.jpg
The One Where Chandler Gets Caught,10,10,1/15/2004,30,{'average': 8.9},"Phoebe and Rachel catch Chandler getting into a car with a blonde woman and think he's having an affair. It turns out that the woman was Monica and Chandler's realtor, and the two are buying a house in Westchester. The friends reminisce about their good times in the apartment.",https://image.tmdb.org/t/p/original/Md5d3VpR4MbP0MjbelfmDeB81A.jpg
The One Where the Stripper Cries,10,11,2/5/2004,30,{'average': 9.2},"Phoebe's bachelorette party features a rather unexpected surprise when the stripper shows up. Joey is on """"Pyramid."""" Chandler and Ross flash back to 1987 to reflect on a pact they made when they were in college.",https://image.tmdb.org/t/p/original/8lMKnJt9mdMAOO063pTPp8pDB4A.jpg
The One With Phoebe's Wedding,10,12,2/12/2004,30,{'average': 9.1},"Phoebe asks Joey to give her away at her wedding. Monica's the wedding planner and she's driving Phoebe nuts. Chandler and Ross discover at the rehearsal dinner that neither of them has a part in the wedding. However, Mike needs to replace a groomsman, so he lets Phoebe choose one of them, although she gives the job to Rachel. Joey takes his role as the bride's dad way too seriously. Phoebe fires Monica. The day of the wedding, New York is hit with the worst snowstorm its seen in 20 years. Phoebe rehires Monica, and the wedding ends up taking place in the street outside of Central Perk. When the priest can't make it, Joey steps in for him, and Chandler gives the bride away, while groomsman Ross is stuck taking care of Mike's old dog.",https://image.tmdb.org/t/p/original/uOQGYXWmvgBVslgEbmy67Zu4eOq.jpg
The One Where Joey Speaks French,10,13,2/19/2004,30,{'average': 9},"Phoebe tries to teach Joey to speak French for an audition. Surrogate mom Erica is visiting town and tells the Bings that the baby's father may be a shovel killer. Ross and Rachel head out to Long Island after her dad has a heart attack. After Ross rejects an upset Rachel's advances, the two decide never to have sex again, although Rachel suggests it still might happen.",https://image.tmdb.org/t/p/original/xvULxfWrSrPgpaeNF6MqbHRo7jp.jpg
The One With Princess Consuela,10,14,2/26/2004,30,{'average': 9},"Monica and Chandler visit their house, which is in escrow, where Joey is comforted about losing his friends by the 8-year-old girl who presently lives there. Phoebe learns that she can change her name to whatever she wants, which turns out to be Princess Consuela Bananahammock. After Mike changes his name to Crap Bag, she decides to just be Phoebe Buffay-Hannigan. Ross gets tenure at his job. Rachel's boss is sitting next to her at an interview, and she loses her job. However, she runs into her old friend Mark, who offers her a job in Paris.",https://image.tmdb.org/t/p/original/tUs9QYIyKLxAqIwLvDDOrTgvkW8.jpg
The One Where Estelle Dies,10,15,4/22/2004,30,{'average': 9},"Ross tries to get Rachel rehired at Ralph Lauren. He succeeds, but after Rachel tells him how scared she is about moving to Paris, he's convinced she should go. Phoebe discovers that Joey's agent Estelle died and, since his life has been changing so much recently, doesn't want to tell him. Chandler and Monica visit the house next door to theirs and discover that Janice is bidding on it. To get Janice to withdraw her offer, Chandler comes on to her.",https://image.tmdb.org/t/p/original/jsTrgh20e7J7zq8QLbCE7jNVPmH.jpg
The One With Rachel's Going Away Party,10,16,4/29/2004,30,{'average': 9},"With Rachel leaving tomorrow, the gang throws her a small going away party. She says goodbye to each of her friends individually, except for Ross. He gets mad and the two of them end up in a passionate kiss after she explains that she was putting it off because of how hard saying goodbye to him would be. Meanwhile, Erica is in town until the baby arrives and she ends up going into labor at the party.",https://image.tmdb.org/t/p/original/hUrlzwAmzoLj7TvZIWs9OJO7up1.jpg
"The Last One, Part 1",10,17,5/6/2004,30,{'average': 9.3},"Ross and Phoebe chase Rachel to the airport, but end up at the wrong one. They narrowly make it to the right airport, where Ross declares his love for Rachel, but she gets on the plane anyway.",https://image.tmdb.org/t/p/original/7XmwmXkJtObpt6ABPENanrJHlg9.jpg
"The Last One, Part 2",10,18,5/6/2004,30,{'average': 8.8},"Ross and Phoebe chase Rachel to the airport, but end up at the wrong one. They narrowly make it to the right airport, where Ross declares his love for Rachel, but she gets on the plane anyway.",
